Title, Company, Source, Keyword, Link
Test Engineer Trainee,Test-Ed,Indeed,,https://au.indeed.com/pagead/clk?mo=r&ad=-6NYlbfkN0AFylm_AMYvH5XWZFMrEAXFi5JTgpZAqtidQXTgEWdrJP8pYyS0xmcHrnH9n73Lic7-bGRpeYndxdfCREETZAzbyItM44ME98o-TZ0kt4o7uXECDBUmFqfRfPoBySPsxweIiD4qafpaMnTAjBxKLTKXeFSy0pRxSmez7T0gDFHQZL4jsN_1ejcPswgRBdoYbkRjtTk6lBylCOgAE8pUma8hekeMIXfLxNPwk8s6OIq5e1uR9T7OX5QnZFuhzY-2kAKhUUNMnSpOe1PL0I6KYioeHn87YAPHRZWE6AFNJIr4Tp15TG2tcKe12NEgJo_7dDyFIpZIpeF9qcM_8-hf-bXf85kO431uJT1H4oCfNGzzN7g7p3fuBrfCe7_ZLFXxjXxud23lcPs4U7DS_YCPXYsZCkF-EcSyJ51z6nNnBHierhQOCVDcECrbPUJHwaxFEotHBRNl1Xyqj8YG0IY62IaLmTo4u5AVu3Q=&p=0&fvj=1&vjs=3,
Software Engineer  University Graduate,Google,Indeed,,https://au.indeed.com/rc/clk?jk=0b8e1ecf38575f33&fccid=a5b4499d9e91a5c6&vjs=3,
Graduate/Early Career Software Engineer in Test,Dolby,Indeed,,https://au.indeed.com/rc/clk?jk=6d79a7caf60fdfbc&fccid=5dd80d97ea739284&vjs=3,
Graduate Software Engineer (Java Backend),Canva,Indeed,,https://au.indeed.com/rc/clk?jk=a9978b3e94d75d98&fccid=de6ea5e6090aece1&vjs=3,
Software Engineer Trainee,NJC Labs,Indeed,,https://au.indeed.com/company/NJC-Labs/jobs/Software-Engineer-Trainee-00aa33bbd7745662?fccid=714b89008ea5fd07&vjs=3,
Australia - Graduate Position Opportunities,Microsoft,Indeed,,https://au.indeed.com/rc/clk?jk=899ada6db0ddbdab&fccid=734cb5a01ee60f80&vjs=3,
Technical Support Engineer - Graduate Training Program (2021 Grads),Dynatrace,Indeed,,https://au.indeed.com/rc/clk?jk=a00e30bda9513a8c&fccid=f540b41324bdc0f3&vjs=3,
Graduate Software Engineer - Mechatronics Focus,Mantech,Indeed,,https://au.indeed.com/rc/clk?jk=cfe57fb749f9542d&fccid=8fa41b6d97ab7403&vjs=3,
Graduate Software Developer,Eclipse Trading,Indeed,,https://au.indeed.com/rc/clk?jk=d426048fa2cfb109&fccid=463d1294d7a31741&vjs=3,
Graduate Engineer,Nine,Indeed,,https://au.indeed.com/rc/clk?jk=d076751741452e96&fccid=937f83caf12b6e13&vjs=3,
Customer Engineer  Google Cloud  University Graduate,Google,Indeed,,https://au.indeed.com/rc/clk?jk=2348fd81466d93a7&fccid=a5b4499d9e91a5c6&vjs=3,
Software Engineering Intern - Frontend (Summer 2021/2022),Canva,Indeed,,https://au.indeed.com/rc/clk?jk=63185d98e79ab61e&fccid=de6ea5e6090aece1&vjs=3,
Graduate Software Engineer (JavaScript Frontend),Canva,Indeed,,https://au.indeed.com/rc/clk?jk=5a37f4ccb47aec0e&fccid=de6ea5e6090aece1&vjs=3,
Graduate Civil Engineer - 1-2 years exp?,PC Recruitment,Indeed,,https://au.indeed.com/rc/clk?jk=e38c4afed3fcab5c&fccid=2e1560b9059f1f7f&vjs=3,
Data Center Technician  University Graduate  2022,Google,Indeed,,https://au.indeed.com/rc/clk?jk=550a14273c86131d&fccid=a5b4499d9e91a5c6&vjs=3,
Graduate Software Engineer - Android,MCS Consulting,Indeed,,https://au.indeed.com/rc/clk?jk=e069b69d45d0174c&fccid=1f129dad7c6d035f&vjs=3,
GRADUATE BUSINESS SYSTEMS ENGINEER,Nexon Asia Pacific Pty Ltd,Indeed,,https://au.indeed.com/rc/clk?jk=edbb832375b2afde&fccid=3f40ec288bd442bf&vjs=3,
Science & Engineering Summer Student Program (Sydney),Cochlear Ltd,Indeed,,https://au.indeed.com/rc/clk?jk=ebcb9f18b28e3633&fccid=68f428927cea8edc&vjs=3,
Graduate Business Systems Engineer,NEXON,Indeed,,https://au.indeed.com/rc/clk?jk=8d97dcf79267b5e8&fccid=aba87288e4cc3687&vjs=3,
Mechatronics Engineer,Marathon Targets,Indeed,,https://au.indeed.com/rc/clk?jk=2f0aa48af76d5377&fccid=25822f7d5bbd946d&vjs=3,
Graduate Software Engineers,Rokt,Indeed,,https://au.indeed.com/rc/clk?jk=d53644bc059f20fe&fccid=e7131bb560e57fca&vjs=3,
DevOps Engineer,Conn3cted,Indeed,,https://au.indeed.com/company/Conn3cted/jobs/Devop-Engineer-a40f0ec373dc7386?fccid=e3faf7ce7f424bc0&vjs=3,
Graduate Game Designer,Aristocrat Technologies,Indeed,,https://au.indeed.com/rc/clk?jk=cb724f1c08f7669d&fccid=19fcd6b7063fbed4&vjs=3,
Collaboration Associate Solutions Engineer (Full Time) - Australia,Cisco Systems,Indeed,,https://au.indeed.com/rc/clk?jk=f801666d41d10ed1&fccid=dfc44f3b8c44a6db&vjs=3,
Professional Pavement Engineer,AECOM,Indeed,,https://au.indeed.com/rc/clk?jk=9f7022d7b4c080c7&fccid=bafa4b35e9cd20ce&vjs=3,
Associate Solutions Engineer (Full Time) - Australia,Cisco Systems,Indeed,,https://au.indeed.com/rc/clk?jk=d5d92d28a38f1906&fccid=dfc44f3b8c44a6db&vjs=3,
2021/2022 Summer Internship Program - Content Design,Atlassian,Indeed,,https://au.indeed.com/rc/clk?jk=1cac7d1b253b0cc6&fccid=e6d4ba9e2cfe7902&vjs=3,
Communication Systems Engineer,Morse Micro,Indeed,,https://au.indeed.com/rc/clk?jk=fd7e1ded6bc9c733&fccid=e5b6109df475e20f&vjs=3,
Cloud Engineer (1st Level Support),Sourced Group,Indeed,,https://au.indeed.com/rc/clk?jk=cad68d7b1a96a3af&fccid=1e05bb7cae466f1a&vjs=3,
Surface Water Engineer/Hydrologist,WSP Australia,Indeed,,https://au.indeed.com/rc/clk?jk=8fc15315573c3449&fccid=125e77713a321cdc&vjs=3,
